{
    "East Asia": "asia-pacific-east",
    "Southeast Asia": "asia-pacific-southeast",
    "Australia Central": "australia-central",
    "Australia Central 2": "australia-central-2",
    "Australia East": "australia-east",
    "Australia Southeast": "australia-southeast",
    "Brazil South": "brazil-south",
    "Canada Central": "canada-central",
    "Canada East": "canada-east",
    "Central India": "central-india",
    "South India": "south-india",
    "West India": "west-india",
    "North Europe": "europe-north",
    "West Europe": "europe-west",
    "France Central": "france-central",
    "France South": "france-south",
    "Germany Central": "germany-central",
    "Germany Northeast": "germany-northeast",
    "Japan East": "japan-east",
    "Japan West": "japan-west",
    "Korea Central": "korea-central",
    "Korea South": "korea-south",
    "UK South": "united-kingdom-south",
    "UK West": "united-kingdom-west",
    "Central US": "us-central",
    "East US": "us-east",
    "East US 2": "us-east-2",
    "North Central US": "us-north-central",
    "South Central US": "us-south-central",
    "West Central US": "us-west-central",
    "West US": "us-west",
    "West US 2": "us-west-2",
    "US Gov. Arizona": "usgov-arizona",
    "US Gov. Iowa": "usgov-iowa",
    "US Gov. Texas": "usgov-texas",
    "US Gov. Virginia": "usgov-virginia"
  }
